,,,,,,
Collated Components:,,,,,,
,,,,,,
Item,Qty,Reference(s),Value,LibPart,Footprint,Power
1,2,"C1, C10",100u,Device:C_Polarized,Capacitor_THT:CP_Radial_D6.3mm_P2.50mm,
2,1,C2,10u,Device:C_Polarized,Capacitor_THT:CP_Radial_D5.0mm_P2.00mm,
3,1,C3,22u,Device:C_Polarized,Capacitor_THT:CP_Radial_D8.0mm_P3.50mm,
4,1,C4,3.3u,Device:C_Polarized,Capacitor_THT:CP_Radial_D5.0mm_P2.00mm,
5,4,"C7, C8, C9, C12",100n,Device:C,Capacitor_SMD:C_0603_1608Metric,
6,1,C13,4.7u,Device:C_Polarized,Capacitor_THT:CP_Radial_D5.0mm_P2.00mm,
7,2,"D1, D8",SS14+,Device:D,Diode_SMD:D_SMA,
8,8,"D2, D3, D4, D5, D6, D7, D15, D16",BAT54W,Diode:BAT54W,Package_TO_SOT_SMD:SOT-323_SC-70,
9,6,"D9, D10, D11, D12, D13, D14",LED,Device:LED,LED_SMD:LED_0603_1608Metric,
10,1,D17,MMSZ4699T1G,Diode:1N630xA,Diode_SMD:D_SOD-123,
11,1,D18,MMSZ4691T1G,Diode:1N630xA,Diode_SMD:D_SOD-123,
12,1,F1,Fuse,Device:Fuse,footprints:fuseholder,
13,3,"H1, H2, H3",MountingHole,Mechanical:MountingHole,MountingHole:MountingHole_3.2mm_M3,
14,2,"J1, J2",Conn_01x06,Connector_Generic:Conn_01x06,footprints:Molex_Micro-Fit_3.0_43650-0600_1x06_P3.00mm_Horizontal,
15,2,"J3, J7",Conn_01x02,Connector_Generic:Conn_01x02,footprints:Molex_Micro-Fit_3.0_43650-0200_1x02_P3.00mm_Horizontal,
16,1,J4,Conn_01x04,Connector_Generic:Conn_01x04,footprints:Molex_Micro-Fit_3.0_43650-0400_1x04_P3.00mm_Horizontal,
17,1,J5,Conn_01x03,Connector_Generic:Conn_01x03,footprints:Molex_Micro-Fit_3.0_43650-0300_1x03_P3.00mm_Horizontal,
18,1,J6,Conn_01x05,Connector_Generic:Conn_01x05,footprints:Molex_Micro-Fit_3.0_43650-0500_1x05_P3.00mm_Horizontal,
19,1,J8,LED,Connector_Generic:Conn_01x02,footprints:Molex_Micro-Fit_3.0_43650-0200_1x02_P3.00mm_Horizontal,
20,2,"K2, K3",G5Q-1EU DC12,Relay:G5Q-1,footprints:PCH-112L2MH,
21,2,"NT1, NT2",NetTie_2,Device:NetTie_2,NetTie:NetTie-2_SMD_Pad0.5mm,
22,1,PS1,MPWF1212S-3W,Converter_DCDC:ITX1212SA,footprints:MPWF1212S-3W,
23,3,"Q1, Q2, Q3",BC856,Transistor_BJT:BC856,Package_TO_SOT_SMD:SOT-23,
24,1,Q4,BC846,Transistor_BJT:BC846,Package_TO_SOT_SMD:SOT-23,
25,1,Q5,BUK7M9R5-40H,Transistor_FET:BUK7M9R9-60EX,Package_TO_SOT_SMD:LFPAK33,
26,3,"Q6, Q7, Q9",XP262N7002TR-G,Device:Q_NMOS_GSD,Package_TO_SOT_SMD:SOT-23,
27,1,Q8,FQD1N80TM,symbols:FQD1N80TM,Package_TO_SOT_SMD:TO-252-2,
28,3,"R1, R2, R3",1k,Device:R,Resistor_SMD:R_1206_3216Metric,
29,5,"R4, R5, R6, R54, R55",10k,Device:R,Resistor_SMD:R_0603_1608Metric,
30,23,"R7, R8, R9, R10, R12, R13, R14, R15, R20, R21, R22, R27, R28, R29, R30, R56, R57, R58, R59, R60, R61, R62, R63",453k,Device:R,Resistor_SMD:R_0805_2012Metric,
31,3,"R11, R16, R26",33k,Device:R,Resistor_SMD:R_0603_1608Metric,
32,1,R17,105k,Device:R,Resistor_SMD:R_0805_2012Metric,
33,1,R18,82,Device:R,Resistor_SMD:R_0603_1608Metric,
34,1,R19,31.6k,Device:R,Resistor_SMD:R_0603_1608Metric,
35,1,R23,348k,Device:R,Resistor_SMD:R_0805_2012Metric,
36,4,"R24, R31, R39, R40",100k,Device:R,Resistor_SMD:R_0603_1608Metric,
37,5,"R25, R64, R65, R66, R67",200k,Device:R,Resistor_SMD:R_0805_2012Metric,
38,1,R32,5.1M,Device:R,Resistor_SMD:R_0603_1608Metric,
39,6,"R33, R34, R35, R36, R37, R53",1k,Device:R,Resistor_SMD:R_0603_1608Metric,
40,5,"R38, R47, R48, R49, R50",1.5k,Device:R,Resistor_SMD:R_0603_1608Metric,
41,6,"R41, R42, R43, R44, R45, R46",3.3k,Device:R,Resistor_SMD:R_0603_1608Metric,2W
42,1,R51,470k,Device:R,Resistor_SMD:R_0603_1608Metric,
43,1,R52,47k,Device:R,Resistor_SMD:R_0603_1608Metric,
44,1,R68,470,Device:R,Resistor_SMD:R_0603_1608Metric,
45,1,R69,900k,Device:R,Resistor_SMD:R_0603_1608Metric,
46,1,R70,110k,Device:R,Resistor_SMD:R_0603_1608Metric,
47,1,R71,4.7k,Device:R,Resistor_SMD:R_0603_1608Metric,
48,3,"U1, U2, U3",140817141410,Isolator:SFH617A-1,footprints:DIP-4_W10.16mm,
49,1,U4,TLV274,Amplifier_Operational:TLC274,Package_SO:SOIC-14_3.9x8.7mm_P1.27mm,
50,1,U5,40106,4xxx:40106,Package_SO:SOIC-14_3.9x8.7mm_P1.27mm,
51,1,U6,OP777,symbols:OP777,Package_SO:SOIC-8_3.9x4.9mm_P1.27mm,
52,1,U7,4013,4xxx:4013,Package_SO:SOIC-14_3.9x8.7mm_P1.27mm,
53,1,U8,4071,4xxx:4071,Package_SO:SOIC-14_3.9x8.7mm_P1.27mm,
